<?xml version="1.0" encoding="UTF-8"?>
<GenRun Id="impl_1" LaunchPart="xc7a35tcpg236-1" LaunchTime="1748071985">
  <File Type="PA-TCL" Name="top_I2C_Slave.tcl"/>
  <File Type="REPORTS-TCL" Name="top_I2C_Slave_reports.tcl"/>
  <File Type="BITSTR-MSK" Name="top_I2C_Slave.msk"/>
  <File Type="RDI-RDI" Name="top_I2C_Slave.vdi"/>
  <File Type="BG-BIT" Name="top_I2C_Slave.bit"/>
  <File Type="BG-DRC" Name="top_I2C_Slave.drc"/>
  <File Type="BG-BGN" Name="top_I2C_Slave.bgn"/>
  <File Type="BG-BIN" Name="top_I2C_Slave.bin"/>
  <File Type="BITSTR-RBT" Name="top_I2C_Slave.rbt"/>
  <File Type="BITSTR-NKY" Name="top_I2C_Slave.nky"/>
  <File Type="BITSTR-BMM" Name="top_I2C_Slave_bd.bmm"/>
  <File Type="BITSTR-MMI" Name="top_I2C_Slave.mmi"/>
  <File Type="BITSTR-SYSDEF" Name="top_I2C_Slave.sysdef"/>
  <File Type="BITSTR-LTX" Name="debug_nets.ltx"/>
  <File Type="BITSTR-LTX" Name="top_I2C_Slave.ltx"/>
  <File Type="RCFI_FILE" Name="top_I2C_Slave.rcfi"/>
  <File Type="WBT-USG" Name="usage_statistics_webtalk.html"/>
  <File Type="OPT-HWDEF" Name="top_I2C_Slave.hwdef"/>
  <File Type="PLACE-PRE-SIMILARITY" Name="top_I2C_Slave_incremental_reuse_pre_placed.rpt"/>
  <File Type="ROUTE-DCP" Name="top_I2C_Slave_routed.dcp"/>
  <File Type="ROUTE-ERROR-DCP" Name="top_I2C_Slave_routed_error.dcp"/>
  <File Type="ROUTE-BLACKBOX-DCP" Name="top_I2C_Slave_routed_bb.dcp"/>
  <File Type="ROUTE-TIMING-PB" Name="top_I2C_Slave_timing_summary_routed.pb"/>
  <File Type="OPT-DCP" Name="top_I2C_Slave_opt.dcp"/>
  <File Type="PLACE-DCP" Name="top_I2C_Slave_placed.dcp"/>
  <File Type="PWROPT-DCP" Name="top_I2C_Slave_pwropt.dcp"/>
  <File Type="POSTPLACE-PWROPT-DCP" Name="top_I2C_Slave_postplace_pwropt.dcp"/>
  <File Type="PHYSOPT-DCP" Name="top_I2C_Slave_physopt.dcp"/>
  <File Type="POSTROUTE-PHYSOPT-DCP" Name="top_I2C_Slave_postroute_physopt.dcp"/>
  <File Type="POSTROUTE-PHYSOPT-BLACKBOX-DCP" Name="top_I2C_Slave_postroute_physopt_bb.dcp"/>
  <File Type="PDI-FILE" Name="top_I2C_Slave.pdi"/>
  <File Type="CFI_FILE" Name="top_I2C_Slave.cfi"/>
  <File Type="RNPI_FILE" Name="top_I2C_Slave.rnpi"/>
  <File Type="NPI_FILE" Name="top_I2C_Slave.npi"/>
  <File Type="RBD_FILE" Name="top_I2C_Slave.rbd"/>
  <FileSet Name="sources" Type="DesignSrcs" RelSrcDir="$PSRCDIR/sources_1" RelGenDir="$PGENDIR/sources_1">
    <Filter Type="Srcs"/>
    <File Path="$PSRCDIR/sources_1/imports/sources_1/fndController.v">
      <FileInfo>
        <Attr Name="ImportPath" Val="$PPRDIR/../../FPGA_Harman-1/2025-05-16 SPI_FND/2025-05-16 SPI_FND.srcs/sources_1/imports/sources_1/fndController.v"/>
        <Attr Name="ImportTime" Val="1745466771"/>
        <Attr Name="UsedIn" Val="synthesis"/>
        <Attr Name="UsedIn" Val="implementation"/>
        <Attr Name="UsedIn" Val="simulation"/>
      </FileInfo>
    </File>
    <File Path="$PSRCDIR/sources_1/new/I2C_Slave.sv">
      <FileInfo>
        <Attr Name="UsedIn" Val="synthesis"/>
        <Attr Name="UsedIn" Val="implementation"/>
        <Attr Name="UsedIn" Val="simulation"/>
      </FileInfo>
    </File>
    <File Path="$PSRCDIR/sources_1/new/top_I2C_Slave.sv">
      <FileInfo>
        <Attr Name="UsedIn" Val="synthesis"/>
        <Attr Name="UsedIn" Val="implementation"/>
        <Attr Name="UsedIn" Val="simulation"/>
      </FileInfo>
    </File>
    <File Path="$PSRCDIR/sources_1/new/I2C_Master.sv">
      <FileInfo>
        <Attr Name="AutoDisabled" Val="1"/>
        <Attr Name="UsedIn" Val="synthesis"/>
        <Attr Name="UsedIn" Val="implementation"/>
        <Attr Name="UsedIn" Val="simulation"/>
      </FileInfo>
    </File>
    <Config>
      <Option Name="DesignMode" Val="RTL"/>
      <Option Name="TopModule" Val="top_I2C_Slave"/>
    </Config>
  </FileSet>
  <FileSet Name="constrs_in" Type="Constrs" RelSrcDir="$PSRCDIR/constrs_1">
    <Filter Type="Constrs"/>
    <File Path="$PSRCDIR/constrs_1/imports/harman/Basys-3-Master.xdc">
      <FileInfo>
        <Attr Name="ImportPath" Val="$PPRDIR/../../Basys-3-Master.xdc"/>
        <Attr Name="ImportTime" Val="1747183397"/>
        <Attr Name="UsedIn" Val="synthesis"/>
        <Attr Name="UsedIn" Val="implementation"/>
      </FileInfo>
    </File>
    <Config>
      <Option Name="ConstrsType" Val="XDC"/>
    </Config>
  </FileSet>
  <FileSet Name="utils" Type="Utils" RelSrcDir="$PSRCDIR/utils_1">
    <Filter Type="Utils"/>
    <Config>
      <Option Name="TopAutoSet" Val="TRUE"/>
    </Config>
  </FileSet>
  <Strategy Version="1" Minor="2">
    <StratHandle Name="Vivado Implementation Defaults" Flow="Vivado Implementation 2020"/>
    <Step Id="init_design"/>
    <Step Id="opt_design"/>
    <Step Id="power_opt_design"/>
    <Step Id="place_design"/>
    <Step Id="post_place_power_opt_design"/>
    <Step Id="phys_opt_design"/>
    <Step Id="route_design"/>
    <Step Id="post_route_phys_opt_design"/>
    <Step Id="write_bitstream"/>
    <Step Id="write_device_image"/>
  </Strategy>
</GenRun>
